{
    "md_mean": [
        0.167, 
        0.167, 
        0.167, 
        0.167, 
        0.167, 
        0.166
    ], 
    "md_sd": [
        0.2, 
        0.2, 
        0.2, 
        0.2, 
        0.2
    ], 
    "theo_mean": [
        [
            8.77996424725, 
            1.64843360002, 
            2.4086774634, 
            2.01802125763, 
            0.321987562879, 
            11.7044064209, 
            8.65655324796, 
            0.866205419544
        ], 
        [
            6.04918061464, 
            0.792583899639, 
            1.64236256525, 
            0.541722953268, 
            2.12113910027, 
            11.6226278276, 
            8.65056954299, 
            0.615191941409
        ], 
        [
            7.39780612666, 
            0.988467262459, 
            2.01722589885, 
            1.09031994475, 
            1.3925168786, 
            9.9773158261, 
            6.0189501916, 
            0.34176951292
        ], 
        [
            6.96715727998, 
            2.17313280317, 
            6.98715312422, 
            0.548559472136, 
            0.944847174316, 
            9.8791034956, 
            6.19267844495, 
            0.304863728181
        ], 
        [
            7.09173417316, 
            1.73403282684, 
            7.08267312121, 
            0.502495571429, 
            1.20705424242, 
            11.9179644372, 
            8.69017707792, 
            0.695514779221
        ]
    ], 
    "theo_sd": [
        0.39, 
        0.32, 
        0.24, 
        0.13, 
        0.21, 
        0.2, 
        0.3, 
        0.1
    ]
}